aaa&#44aaa,bbb&#44bbb,2021/01/12 13:52:48
aaa&#44aaa,bbb&#44bbb,2021/01/12 14:02:47
テスト,テストコメント,2021/01/12 14:03:37
テスト,テストコメント,2021/01/12 14:03:40
テスト,テストコメント,2021/01/12 14:03:41
テスト,テストコメント,2021/01/12 14:03:42
テスト,テストコメント,2021/01/12 14:03:43
テスト,テストコメント,2021/01/12 14:03:43
テスト,テストコメント,2021/01/12 14:03:44
テスト,テストコメント,2021/01/12 14:03:44
テスト,テストコメント,2021/01/12 14:03:44
テスト,テストコメント,2021/01/12 14:03:44
テスト,テストコメント,2021/01/12 14:03:44
テスト,テストコメント,2021/01/12 14:03:44
テスト,テストコメント,2021/01/12 14:03:44
テスト,テストコメント,2021/01/12 14:03:44
テスト,テストコメント,2021/01/12 14:03:44
テスト,テストコメント,2021/01/12 14:03:44
テスト,テストコメント,2021/01/12 14:03:44
テスト,テストコメント,2021/01/12 14:03:44
テスト,テストコメント,2021/01/12 14:03:44
aaaa,こんにちは,2021/01/12 15:31:32
